<?xml version="1.0" encoding="UTF-8"?>
<beans xmlns="http://www.springframework.org/schema/beans"
       xmlns:xsi="http://www.w3.org/2001/XMLSchema-instance"
       xmlns:c="http://www.springframework.org/schema/c"
       xmlns:mvc="http://www.springframework.org/schema/mvc"
       xmlns:context="http://www.springframework.org/schema/context"
       xmlns:p="http://www.springframework.org/schema/p"
       xmlns:tx="http://www.springframework.org/schema/tx"

       xsi:schemaLocation="http://www.springframework.org/schema/beans http://www.springframework.org/schema/beans/spring-beans.xsd
          http://www.springframework.org/schema/context http://www.springframework.org/schema/context/spring-context.xsd
          http://www.springframework.org/schema/mvc 
        http://www.springframework.org/schema/mvc/spring-mvc.xsd
          http://www.springframework.org/schema/tx http://www.springframework.org/schema/tx/spring-tx.xsd
">
    <mvc:annotation-driven />
    <context:component-scan base-package="com.example"/>
    <mvc:default-servlet-handler />
    <tx:annotation-driven transaction-manager="hibernateTransactionManager" />

    
        <bean id="mysqlDataSource" class="org.springframework.jdbc.datasource.DriverManagerDataSource">
		<property name="driverClassName" value="com.mysql.cj.jdbc.Driver" />		
	  	<property name="url" value="jdbc:mysql://localhost/jeewebdb" />
		<property name="username" value="root" />
		<property name="password" value="123456" />	
		
	</bean> 
        
        
        <bean id="sessionFactory" class="org.springframework.orm.hibernate5.LocalSessionFactoryBean">
		<property name="dataSource" ref="mysqlDataSource" />
		<property name="hibernateProperties">
			<props>
				<prop key="hibernate.dialect">org.hibernate.dialect.MySQLDialect</prop>
				<prop key="hibernate.show_sql">false</prop>
                                <!--create, create-drop, update, validate-->
				<!--<prop key="hibernate.hbm2ddl.auto">update</prop>-->
				<prop key="hibernate.default-lazy">false</prop>
				<prop key="hibernate.jdbc.batch_size">1000</prop>
			</props>
		</property>
		<property name="packagesToScan" value="com.example"/>
	</bean>


    
    <bean id="viewResolver" class="org.springframework.web.servlet.view.InternalResourceViewResolver">
		<property name="prefix" value="/WEB-INF/view/" />
		<property name="suffix" value=".jsp" />
	</bean>
        
    <bean id="multipartResolver"
		class="org.springframework.web.multipart.commons.CommonsMultipartResolver">

		<property name="maxUploadSize" value="10000000" />
	</bean>

    
    <mvc:resources mapping="/assets/**" location="/assets/" cache-period="31556926" />

</beans>
